replay_buffer/size,trainer/QF1 Loss,trainer/QF2 Loss,trainer/Num Q Updates,trainer/Num Policy Updates,trainer/Policy Loss,trainer/Q1 Predictions Mean,trainer/Q1 Predictions Std,trainer/Q1 Predictions Max,trainer/Q1 Predictions Min,trainer/Q2 Predictions Mean,trainer/Q2 Predictions Std,trainer/Q2 Predictions Max,trainer/Q2 Predictions Min,trainer/Q Targets Mean,trainer/Q Targets Std,trainer/Q Targets Max,trainer/Q Targets Min,trainer/MMD Loss Mean,trainer/MMD Loss Std,trainer/MMD Loss Max,trainer/MMD Loss Min,trainer/Action Divergence Mean,trainer/Action Divergence Std,trainer/Action Divergence Max,trainer/Action Divergence Min,trainer/Raw Action Divergence Mean,trainer/Raw Action Divergence Std,trainer/Raw Action Divergence Max,trainer/Raw Action Divergence Min,trainer/Alpha,exploration/num steps total,exploration/num paths total,evaluation/num steps total,evaluation/num paths total,evaluation/path length Mean,evaluation/path length Std,evaluation/path length Max,evaluation/path length Min,evaluation/Rewards Mean,evaluation/Rewards Std,evaluation/Rewards Max,evaluation/Rewards Min,evaluation/Returns Mean,evaluation/Returns Std,evaluation/Returns Max,evaluation/Returns Min,evaluation/Actions Mean,evaluation/Actions Std,evaluation/Actions Max,evaluation/Actions Min,evaluation/Num Paths,evaluation/Average Returns,time/evaluation sampling (s),time/logging (s),time/saving (s),time/training (s),time/epoch (s),time/total (s),Epoch
999000,0.45492053,0.4509825,0,0,0.27433246,0.0060972897,0.003350779,0.015124783,-0.00522324,-0.0022281518,0.003381837,0.006291253,-0.010392856,-0.2393057,0.6283107,1.3722135,-1.7638717,0.32433248,0.06671396,0.5161907,0.15565622,2.8748393,1.2003878,8.378178,0.29827407,6.757148,3.883036,24.668385,0.51461136,1.0010005235671997,0,0,10000,10,1000.0,0.0,1000,1000,-0.26841213110301093,0.6301272383581362,2.4583353346564465,-3.1689607162792015,-268.4121311030109,49.71166968311548,-169.716041846553,-346.0480985659461,0.043700747,0.72315663,0.9995196,-0.99954,10,-268.4121311030109,13.949471015002928,0.012607818993274122,0.02804635200300254,120.14499904500553,134.13512423100474,146.77548157601268,0
999000,1.9247506,1.9786735,0,0,35.96504,-4.5806303,5.155615,7.760405,-19.710205,-4.599392,5.178557,7.771725,-19.836535,-4.34785,5.5065074,8.099994,-21.08175,0.0753797,0.02030063,0.12965426,0.024317162,0.38711587,0.09010976,0.7452252,0.07735588,0.43003836,0.10797745,0.850533,0.07927507,1420.3436279296875,0,0,20000,20,1000.0,0.0,1000,1000,-0.0005551236359261192,0.023905590605367965,0.411034924538238,-0.3113259065226986,-0.5551236359261194,0.5220262236103203,0.5465010486057438,-1.4159965465513262,0.014119107,0.021616623,0.08602306,-0.06651606,10,-0.5551236359261194,14.106478860005154,0.012481075988034718,0.08155048299522605,121.19740311599162,135.39791353498003,282.17769483196025,1
999000,4.5864496,4.282318,0,0,452.0558,-8.398961,8.031727,15.444317,-36.59111,-8.358084,8.11038,15.195526,-36.054695,-8.180508,8.535866,15.202734,-37.439938,0.07052331,0.019921029,0.12853368,0.026156995,0.3869419,0.08145146,0.6154258,0.07752026,0.42711216,0.095495835,0.754659,0.08008912,22026.466796875,0,0,30000,30,1000.0,0.0,1000,1000,-7.333872050204463e-05,0.01719998831827142,0.47581728277835517,-0.29600318920218355,-0.07333872050204378,0.8113803394581369,1.5912817267722903,-0.9189083614847148,0.0023743007,0.008177571,0.03340283,-0.031167347,10,-0.07333872050204378,14.19271293800557,0.013288219008245505,0.08285796399286482,121.80140450199542,136.0902636230021,418.2720057239494,2
999000,5.8024554,5.2501535,0,0,570.3559,-16.31741,9.503536,6.81165,-50.940277,-16.193851,9.527666,6.574903,-50.101498,-16.15066,9.576029,8.894807,-51.50326,0.07589412,0.021118188,0.13771626,0.031323135,0.4110126,0.08888499,0.71349144,0.11699192,0.4541522,0.10291347,0.7863042,0.12176701,22026.466796875,0,0,40000,40,1000.0,0.0,1000,1000,-0.0003263144673161877,0.01577242301281374,0.24902183135815845,-0.3354575153922063,-0.3263144673161879,0.5571470536564154,0.70256895378699,-1.0774378902067805,-0.003982209,0.013268015,0.034945387,-0.044446982,10,-0.3263144673161879,13.966000813001301,0.012915291008539498,0.09712660699733533,121.5675087540003,135.64355146500748,553.9195733379602,3
999000,7.33644,6.98746,0,0,490.48248,-23.933456,11.703022,6.6006565,-54.776173,-24.120895,11.721146,6.666619,-54.98706,-23.910711,12.041609,5.2766104,-55.173756,0.07226787,0.019668644,0.12425553,0.030963324,0.40019262,0.079754084,0.6387077,0.08537356,0.44132173,0.09175768,0.73186624,0.0864847,22026.466796875,0,0,50000,50,1000.0,0.0,1000,1000,-0.0004296374163147073,0.018762246890781983,0.30673721335429194,-0.4438657232107278,-0.42963741631470753,0.8498842882813643,1.095009822049663,-1.7585582959775545,-0.0033915497,0.0107533,0.038144115,-0.039758276,10,-0.42963741631470753,14.062885613006074,0.01341972200316377,0.07694108299619984,124.46103465399938,138.61428107200481,692.537861922945,4
999000,5.2960844,4.9940596,0,0,526.0374,-33.477936,15.745098,-2.9185212,-59.071075,-33.42656,15.718737,-2.445468,-58.79616,-33.591423,15.705866,-2.3905094,-59.136536,0.07388206,0.018568067,0.122882254,0.028765917,0.40997386,0.080601454,0.7034102,0.082284115,0.45170873,0.09189755,0.79524446,0.08424551,22026.466796875,0,0,60000,60,1000.0,0.0,1000,1000,-0.0004227383431403629,0.015595996719915862,0.1728287694689592,-0.2484797076328348,-0.4227383431403629,0.3230576904979077,-0.051493997062249476,-0.9296591662081491,-0.006708463,0.01389594,0.037001096,-0.04561132,10,-0.4227383431403629,14.429769516005763,0.013487547999829985,0.06989696600066964,124.3334085180104,138.84656254801666,831.3885074549617,5
999000,5.394991,4.8291645,0,0,548.2232,-43.98594,19.843456,-5.9601574,-71.23526,-43.787437,19.869894,-6.4458466,-71.65604,-44.077477,19.995977,-5.700791,-71.06478,0.074889295,0.020518225,0.12744018,0.028620506,0.4157021,0.0816136,0.6636242,0.1466356,0.45796973,0.09350003,0.75600505,0.15356691,22026.466796875,0,0,70000,70,1000.0,0.0,1000,1000,-0.00028035214455997254,0.01892829421138716,0.441806191223813,-0.48731161643198656,-0.2803521445599718,0.752128715480752,0.45755643894931025,-2.2407266411145987,-0.0019193352,0.010447438,0.033803698,-0.038729873,10,-0.2803521445599718,14.26901774200087,0.013808271003654227,0.06141348999517504,124.6912340150011,139.0354735180008,970.4282231619727,6
999000,5.243627,5.3031693,0,0,586.75964,-53.456036,20.695858,-6.1450515,-74.94956,-53.37635,20.682964,-6.3726583,-76.125984,-53.252953,20.929249,-3.6466756,-76.45568,0.07663885,0.020051876,0.12888978,0.026581945,0.42045552,0.083419256,0.6591085,0.12078334,0.46335894,0.0956137,0.7217278,0.12494536,22026.466796875,0,0,80000,80,1000.0,0.0,1000,1000,-0.00034419524946097325,0.017258324515503316,0.32712445014733876,-0.434425329707587,-0.344195249460973,0.7106452144703449,0.5257524453928717,-1.758417674974373,-0.0019629784,0.011740428,0.040105563,-0.037856977,10,-0.344195249460973,14.27495667101175,0.012846708996221423,0.10010396999132354,126.17039362400828,140.55830097400758,1110.9908198969497,7
999000,7.0761304,5.8399153,0,0,614.6372,-50.852108,23.91244,-0.40146777,-78.38197,-50.826447,23.831974,-2.7386427,-77.06213,-51.04299,23.98258,-1.1706586,-79.04658,0.07557043,0.019752583,0.12953283,0.027246332,0.41470307,0.07865539,0.65582913,0.15656877,0.45636487,0.08964869,0.72922266,0.16153453,22026.466796875,0,0,90000,90,1000.0,0.0,1000,1000,-0.0006184838444228778,0.01944542381498335,0.4029949622980468,-0.4347117022037117,-0.6184838444228774,0.9304810386254461,0.8455890451791377,-2.4528253018345905,-0.005802947,0.012676982,0.03135826,-0.04261013,10,-0.6184838444228774,14.29437763900205,0.020050945997354575,0.10132714499195572,167.21726366599614,181.6330193959875,1292.6280809909367,8
999000,2.4019165,2.2755,0,0,704.4402,-52.26001,22.59479,-1.7420602,-80.04823,-52.11444,22.495804,-0.75282764,-79.40027,-51.854717,22.516293,-2.33182,-77.53522,0.07960326,0.021358002,0.14019471,0.027518425,0.43134198,0.08004671,0.6621893,0.09165826,0.47576314,0.091359064,0.7419549,0.093568385,22026.466796875,0,0,100000,100,1000.0,0.0,1000,1000,-0.00021348742098803238,0.015447044006641835,0.2804086887547647,-0.2828762406508554,-0.21348742098803225,0.6123956597776934,0.6192551474329706,-1.2154993076930651,-0.0058223126,0.013149054,0.04010248,-0.04358108,10,-0.21348742098803225,18.198472371004755,0.016265551006654277,0.07542066200403497,179.18145866401028,197.47161724802572,1490.104157390946,9
999000,3.5071092,3.5882788,0,0,607.418,-52.845055,19.30942,-6.8416305,-76.419685,-52.778736,19.206244,-7.1464686,-76.51666,-53.057243,19.20415,-6.7235126,-77.55654,0.07516457,0.01843003,0.13267528,0.03450665,0.43260112,0.09022183,0.6829618,0.08344257,0.4769578,0.1027103,0.7474991,0.085711345,22026.466796875,0,0,110000,110,1000.0,0.0,1000,1000,-0.00017814620381388256,0.01958909183076273,0.43564924926556553,-0.42958238613035427,-0.17814620381388263,0.9855650302840491,1.348731322601242,-1.649823520402763,-0.0037268966,0.010511538,0.029339232,-0.035267558,10,-0.17814620381388263,18.643099852008163,0.0210822769877268,0.10700403699593153,180.90696744799789,199.6781536139897,1689.79134439693,10
999000,3.1600723,3.6373687,0,0,601.01917,-50.62472,19.144396,-8.186739,-75.442665,-50.629738,19.165983,-7.387886,-74.52818,-50.7169,19.125935,-7.033358,-76.47177,0.07497336,0.018813226,0.14386135,0.025221957,0.43380922,0.082413614,0.66487086,0.11431536,0.47782004,0.093560345,0.72365075,0.116429284,22026.466796875,0,0,120000,120,1000.0,0.0,1000,1000,-0.0003235906471783147,0.017080445810082664,0.2795717470042775,-0.2841849771323025,-0.3235906471783152,0.6106758437242524,0.5856718773688827,-1.5256944914618464,-0.0019436803,0.011650652,0.03929887,-0.039217673,10,-0.3235906471783152,18.780577131998143,0.021768970997072756,0.10508409299654886,176.8157830209966,195.72321321698837,1885.5210570519266,11
999000,3.5206187,2.4580722,0,0,610.03064,-47.12088,17.604412,-10.556382,-75.13424,-47.08202,17.631834,-10.674366,-77.16007,-47.02863,17.758715,-9.505125,-83.29139,0.07553898,0.02056807,0.14232934,0.024867347,0.42777854,0.08238719,0.64894456,0.1674588,0.47205424,0.09469272,0.7128773,0.17314248,22026.466796875,0,0,130000,130,1000.0,0.0,1000,1000,-0.0003606355402000707,0.018373846496310714,0.22222553743453446,-0.2881031496544452,-0.36063554020007077,0.37340528715073995,0.17661451570601897,-0.9783846148753974,0.0007682083,0.012512484,0.04139927,-0.038984448,10,-0.36063554020007077,18.016734685006668,0.019293286997708492,0.10476335100247525,172.55237307900097,190.69316440200782,2076.218142484926,12
999000,2.8726223,2.7952294,0,0,620.9186,-45.275642,16.015762,-13.093243,-70.800064,-45.27105,16.082027,-13.252707,-71.16133,-45.368607,16.221859,-10.103019,-75.88341,0.07612452,0.020143233,0.1361895,0.02176658,0.4379502,0.08363928,0.6886877,0.16444863,0.48399913,0.09555838,0.74680346,0.17311057,22026.466796875,0,0,140000,140,1000.0,0.0,1000,1000,-0.0002929156781628756,0.01997914225960339,0.4197281854603561,-0.3903065013634491,-0.29291567816287556,1.0034841180203102,1.1660980692526148,-1.9172916432034062,-0.010103367,0.009906856,0.02813656,-0.0473089,10,-0.29291567816287556,18.227098268005648,0.015283289001672529,0.09111977899738122,173.31942440800776,191.65292574401246,2267.8755525029264,13
999000,3.1410446,2.9969435,0,0,645.36365,-46.4041,14.248372,-13.891158,-66.31141,-46.19381,14.173346,-13.418683,-66.01316,-46.197983,14.477381,-11.14035,-66.931915,0.07718697,0.020006213,0.13553363,0.028730672,0.44149286,0.08163843,0.68171877,0.15508576,0.4879432,0.09353927,0.7513968,0.16120625,22026.466796875,0,0,150000,150,1000.0,0.0,1000,1000,-0.00038898402900407766,0.01705829867138406,0.26520489678442727,-0.4910812301846378,-0.3889840290040779,0.6039447145639902,0.827190964671888,-1.3156474344399391,-0.005721563,0.010488943,0.034307677,-0.03896443,10,-0.3889840290040779,18.23808877400006,0.016029792997869663,0.08373695900081657,176.22801129199797,194.56586681799672,2462.4484089098987,14
999000,1.8405347,2.0856829,0,0,653.5097,-44.907406,12.847487,-16.803448,-65.8306,-44.812412,12.889736,-17.14064,-64.446526,-45.060688,13.108641,-16.922413,-69.02369,0.07761909,0.020441318,0.12560669,0.022932041,0.4361507,0.08022126,0.6376829,0.1625787,0.48144245,0.09173053,0.7126053,0.1671545,22026.466796875,0,0,160000,160,1000.0,0.0,1000,1000,-0.00017130861487356364,0.014635613728363377,0.2695740617898245,-0.2403145347831638,-0.17130861487356436,0.5982349601010741,0.7380552657093697,-1.050359047590087,-0.0057876403,0.009370786,0.033945143,-0.043854166,10,-0.17130861487356436,18.776250850001816,0.020371985010569915,0.0886842420004541,179.4559340489941,198.34124112600693,2660.795274229924,15
999000,1.6381016,1.748866,0,0,617.4979,-42.913143,12.776895,-9.158497,-60.38071,-42.856377,12.761731,-10.65681,-61.26157,-42.79148,12.647914,-13.649702,-60.295185,0.07607989,0.01866262,0.13137506,0.03353605,0.43318594,0.08548906,0.677691,0.08255709,0.477825,0.09821496,0.74229676,0.08528847,22026.466796875,0,0,170000,170,1000.0,0.0,1000,1000,-0.0002922039030222385,0.018880784822081192,0.3265460294467842,-0.40940490800375573,-0.29220390302223764,0.8276537420442468,1.131704869809981,-1.3478624063796414,0.00019446794,0.010622184,0.04233016,-0.036061574,10,-0.29220390302223764,18.732629122008802,0.02043436499661766,0.08442233799723908,181.79041214000608,200.62789796500874,2861.4276468059543,16
999000,2.2285903,2.1040905,0,0,589.0876,-39.61943,12.632649,-7.6519237,-60.869984,-39.710716,12.592134,-8.406419,-60.696693,-39.574493,12.654768,-8.093514,-61.630814,0.07493392,0.019478312,0.13346808,0.027000206,0.43529946,0.08315728,0.62251294,0.14733094,0.48097304,0.09582279,0.701022,0.15244196,22026.466796875,0,0,180000,180,1000.0,0.0,1000,1000,-8.624713141624448e-05,0.01841428829975516,0.4655132898718352,-0.25929701730351645,-0.0862471314162449,0.894156391644773,1.7934242519282175,-1.1269294271046733,-0.000945165,0.011515011,0.041772824,-0.037578586,10,-0.0862471314162449,19.181615242006956,0.017856902995845303,0.07334738998906687,171.25470823400246,190.52752776899433,3051.959311967963,17
999000,1.261488,1.4400296,0,0,600.996,-40.02221,12.034244,-7.566636,-64.863785,-40.06368,11.9856205,-7.8638616,-65.26776,-39.958992,12.041392,-7.6315594,-65.01623,0.07545941,0.017454045,0.121958636,0.029205972,0.4399395,0.08378885,0.6811248,0.17601697,0.48511124,0.09504665,0.74220705,0.18630143,22026.466796875,0,0,190000,190,1000.0,0.0,1000,1000,-9.323475522107261e-06,0.018050455420651746,0.4816003578380662,-0.30321970218446137,-0.009323475522107216,0.7196108259598555,1.4172064690316164,-0.9652865431396365,-0.005924748,0.01007273,0.028747953,-0.051939912,10,-0.009323475522107216,17.114702456005034,0.017198985995491967,0.08275364700239152,162.89752361099818,180.1121787000011,3232.0757289069443,18
999000,2.492899,2.4265685,0,0,577.3331,-37.993546,11.53142,-7.292006,-58.15092,-38.008705,11.548302,-7.08244,-57.303513,-37.793995,11.583363,-7.0528665,-56.96705,0.07447866,0.019088134,0.123951994,0.029011445,0.43147656,0.08613743,0.65343785,0.14221686,0.475214,0.098588735,0.72437656,0.14574087,22026.466796875,0,0,200000,200,1000.0,0.0,1000,1000,-0.00019082725814283737,0.016334609983524245,0.33326240420369435,-0.4096224392317397,-0.19082725814283766,0.7723160043431255,1.1127240791061443,-1.7823406746605446,0.0008835311,0.009930347,0.036796667,-0.038745258,10,-0.19082725814283766,16.72190201601188,0.015992476008250378,0.08742202700523194,161.9073036990012,178.73262021802657,3410.8126450389245,19
999000,1.7627728,1.6265886,0,0,615.3545,-36.673275,11.246978,-9.319957,-54.405014,-36.59601,11.24762,-7.558976,-54.880604,-36.52954,11.370151,-9.221052,-52.448524,0.07626821,0.0181289,0.1219645,0.032902673,0.43675274,0.08614724,0.6820395,0.120019644,0.48204222,0.09864301,0.7402269,0.12641172,22026.466796875,0,0,210000,210,1000.0,0.0,1000,1000,-2.733870344241896e-05,0.016023933398985075,0.4040574451829173,-0.34052524578367427,-0.027338703442419215,0.640165215251706,1.4692619727759662,-0.9668287009193014,-0.00042665895,0.008908354,0.031030811,-0.03189448,10,-0.027338703442419215,16.73237002499809,0.013734039006521925,0.08204278000630438,159.8652260509989,176.69337289500982,3587.5105546519335,20
999000,2.7018209,2.1526423,0,0,623.688,-34.624855,10.288986,-13.377324,-52.980724,-34.52101,10.233543,-13.382974,-55.71662,-34.555565,10.387059,-12.971469,-59.579845,0.07673184,0.019244751,0.12376287,0.034199543,0.43429708,0.08397442,0.65770227,0.16030726,0.4791463,0.0955983,0.71951115,0.17034395,22026.466796875,0,0,220000,220,1000.0,0.0,1000,1000,-0.000395880063464936,0.01803912803553033,0.24751956402190375,-0.44565690934716734,-0.39588006346493587,0.6349298070211101,0.5098195923541281,-1.586278548452605,-0.0027863532,0.0094202515,0.02978875,-0.03818965,10,-0.39588006346493587,14.176543798996136,0.014553186003468,0.06214975399780087,137.10431481299747,151.35756155199488,3738.8728011719213,21
999000,1.6189008,1.4661674,0,0,642.1525,-31.512665,10.709303,-6.9495325,-48.60508,-31.645876,10.623985,-8.333615,-49.946312,-31.625275,10.577176,-6.080178,-47.74256,0.07771639,0.020392388,0.14031626,0.030108368,0.42586738,0.079931885,0.62098324,0.14803202,0.46930742,0.09121093,0.7023773,0.15363657,22026.466796875,0,0,230000,230,1000.0,0.0,1000,1000,-5.326935256522123e-05,0.01922326485874199,0.47879430294718617,-0.4010817375881724,-0.05326935256522107,0.9318542959972171,1.8554654254123606,-1.3914508440514664,0.00058536703,0.010704597,0.036921114,-0.033450805,10,-0.05326935256522107,14.373112026994932,0.013744502008194104,0.09538357600104064,137.0917265270109,151.57396663201507,3890.4514754309494,22
999000,1.1967626,1.1797941,0,0,666.4445,-31.407738,9.896314,-8.878628,-51.955826,-31.471312,9.97117,-8.4289665,-51.84996,-31.534218,9.947036,-8.651052,-52.018326,0.07882561,0.019342091,0.1286843,0.034855533,0.43073305,0.08395715,0.68118536,0.12808791,0.4756353,0.09545319,0.74496377,0.13039376,22026.466796875,0,0,240000,240,1000.0,0.0,1000,1000,-0.0004663271697885344,0.017925172902630713,0.25569120643545684,-0.4186496007250811,-0.4663271697885346,0.567390320355915,0.7482931292307393,-1.441672617255718,0.0034406388,0.011130689,0.0377348,-0.037670232,10,-0.4663271697885346,14.369312606999301,0.014389006988494657,0.09680942900013179,137.2643151490047,151.74482619199262,4042.201022405963,23
999000,1.3612342,1.3404856,0,0,608.5415,-29.921066,9.694369,-6.2270164,-50.14027,-30.01771,9.741207,-7.223252,-48.964188,-30.01579,9.757259,-7.7064943,-50.139313,0.076251805,0.020643182,0.1384716,0.031045988,0.4400527,0.08277992,0.637702,0.17025147,0.485479,0.094596304,0.7234499,0.17825867,22026.466796875,0,0,250000,250,1000.0,0.0,1000,1000,-0.00020569956063406974,0.0167734615367407,0.2784776162521054,-0.3830621352471522,-0.20569956063406947,0.6274128757404154,0.7243817381835913,-1.2313309622219029,0.0029901688,0.0071808067,0.03160098,-0.036108743,10,-0.20569956063406947,14.987945860004402,0.016773791998275556,0.09555667599488515,140.56430949700007,155.66458582499763,4197.870122791966,24
999000,1.3939078,1.5161912,0,0,587.47986,-28.637878,9.484297,-5.912108,-44.93507,-28.697115,9.465429,-6.149614,-44.060608,-28.779045,9.66743,-6.781581,-46.21976,0.07536443,0.017503655,0.123914964,0.025377449,0.42650008,0.08380972,0.649312,0.14619546,0.47045237,0.09638579,0.7295805,0.15273985,22026.466796875,0,0,260000,260,1000.0,0.0,1000,1000,0.00024459864136703734,0.01607094161558196,0.4156265359845075,-0.33956162880566915,0.24459864136703713,0.7358971465533409,1.2851730132024297,-1.0248000043383485,0.003699481,0.007047392,0.033686686,-0.030232161,10,0.24459864136703713,14.748842841989244,0.018774013995425776,0.08354645200597588,145.90976404400135,160.760927351992,4358.635611105943,25
999000,1.5993426,1.608787,0,0,600.46826,-27.127388,9.690678,-5.418456,-45.215298,-27.238426,9.700563,-6.520406,-45.53298,-27.270937,9.759589,-5.372883,-46.355297,0.076018825,0.019211892,0.12507455,0.026026785,0.43422237,0.08270713,0.68292403,0.14320801,0.47869188,0.09464969,0.7399521,0.15335909,22026.466796875,0,0,270000,270,1000.0,0.0,1000,1000,0.0003565211233349319,0.016266640786604347,0.40612087003582725,-0.3009506765183531,0.3565211233349317,0.7143390710231257,1.5592575806389553,-1.008152319978416,0.004000128,0.00813642,0.031987447,-0.030578192,10,0.3565211233349317,15.949960464000469,0.015527111012488604,0.07038183200347703,145.14487363799708,161.18074304501351,4519.821991424949,26
999000,1.7163185,1.8735806,0,0,609.3194,-26.522388,9.166115,-4.397684,-45.249893,-26.573288,9.216466,-5.920572,-46.443005,-26.566475,9.4581,-5.586761,-47.32248,0.07645804,0.019807339,0.12960827,0.028141672,0.44536734,0.08605439,0.6581701,0.13734142,0.49182308,0.09848832,0.72045827,0.1462986,22026.466796875,0,0,280000,280,1000.0,0.0,1000,1000,-0.000157522400649842,0.017388525393956827,0.43393596845597565,-0.37906654276183244,-0.15752240064984174,0.7899619460138577,1.7448141042210807,-1.288588729191775,0.0029281084,0.0074941544,0.031512983,-0.031695213,10,-0.15752240064984174,14.778658244002145,0.016261771001154557,0.08892024199303705,143.58855914199376,158.4723993989901,4678.299039552963,27
999000,1.8965131,1.7500334,0,0,569.8511,-26.235836,9.25813,-2.8281972,-50.80654,-26.36575,9.307576,-6.810573,-50.732193,-26.351631,9.256904,-6.9936686,-52.648277,0.07467425,0.019727692,0.1258712,0.028419875,0.4233576,0.08317357,0.64805067,0.119695164,0.4660134,0.095171794,0.7187262,0.123256855,22026.466796875,0,0,290000,290,1000.0,0.0,1000,1000,-0.00028872452519609464,0.01724269231065959,0.34230524684239116,-0.3524001115453971,-0.28872452519609487,0.6984157044710944,1.0242822045797417,-1.4728764886018857,0.004012868,0.00694918,0.03205034,-0.030696753,10,-0.28872452519609487,15.103912426013267,0.017994227004237473,0.07867320399964228,157.10819846800587,172.308778325023,4850.612001310976,28
999000,1.5693015,1.599249,0,0,600.67725,-24.923061,9.641597,-2.1158395,-44.602955,-24.857586,9.610877,-0.13882071,-44.231262,-24.686874,9.756351,-0.97848594,-43.910633,0.07613669,0.019860493,0.12481647,0.033336397,0.43067765,0.08434332,0.6152056,0.04556971,0.47447777,0.096778005,0.69040227,0.046143644,22026.466796875,0,0,300000,300,1000.0,0.0,1000,1000,1.0163423440232077e-05,0.017807726306173752,0.40562708142461085,-0.44319476927830026,0.010163423440231367,0.848678242831295,1.1680156942224957,-1.2327910203682395,0.0042080563,0.008196117,0.034813035,-0.036204387,10,0.010163423440231367,16.905653309993795,0.018331117011257447,0.08828118500241544,164.24638113898982,181.2586467509973,5031.875033321994,29
999000,3.3278995,3.0098245,0,0,614.958,-23.923986,9.5815325,-0.4089831,-44.935318,-24.043066,9.613226,-0.46966314,-45.150635,-24.083284,9.716708,-0.4170485,-45.540417,0.07682685,0.01803727,0.12765841,0.03408432,0.43331054,0.08131935,0.6550659,0.17313868,0.47818798,0.09332838,0.7120828,0.18137555,22026.466796875,0,0,310000,310,1000.0,0.0,1000,1000,-0.00019174287089314998,0.016890645231526,0.4439921041159602,-0.38811518387050076,-0.19174287089314943,0.7934372330859382,1.5558553782590179,-1.5037849657584343,-0.00047527638,0.0074818856,0.032024797,-0.032845706,10,-0.19174287089314943,17.113967273995513,0.01893338699301239,0.08103950800432358,165.22140243400645,182.4353426029993,5214.315702023974,30
999000,1.8479694,1.7218422,0,0,636.36096,-24.029915,9.763918,-0.024030998,-41.72097,-24.08976,9.726037,-2.560441,-40.73754,-24.057217,9.8847685,-0.09673944,-41.806507,0.07779876,0.019688753,0.13404427,0.03339713,0.43095326,0.08211483,0.67065144,0.14804669,0.47489744,0.0940707,0.73704255,0.15355113,22026.466796875,0,0,320000,320,1000.0,0.0,1000,1000,-0.0003780738675463345,0.015014330429751171,0.1798524923372918,-0.32649787248162826,-0.37807386754633454,0.5969941950458977,0.2776472906792887,-1.8382094639264541,0.00030030427,0.007832857,0.032268718,-0.03405566,10,-0.37807386754633454,16.9442878710106,0.013820983993355185,0.07140454401087482,158.70066448800208,175.7301778870169,5390.050136847989,31
999000,1.0866308,1.1623783,0,0,583.2593,-23.335655,10.204491,1.7601935,-43.035408,-23.3672,10.113238,1.6234866,-42.01185,-23.430988,10.177746,1.503744,-42.067326,0.075419,0.018772524,0.1381458,0.02982593,0.431933,0.08005762,0.6334733,0.15047991,0.47572923,0.091747686,0.70342493,0.15449499,22026.466796875,0,0,330000,330,1000.0,0.0,1000,1000,-0.00014876892477045295,0.016468176096023315,0.37682644386352715,-0.3460526001353192,-0.14876892477045284,0.7076551259142315,0.7703068409919849,-1.4129194687404893,0.0048623765,0.007437551,0.031872105,-0.030739807,10,-0.14876892477045284,14.278265457993257,0.01403769399621524,0.09269907500129193,137.57343657700403,151.9584388039948,5542.012507517968,32
999000,2.0173938,1.8981816,0,0,603.5235,-21.785507,10.107157,2.907227,-39.49811,-21.638016,10.178259,3.6501927,-40.08553,-21.878569,10.323549,2.9102917,-40.23394,0.07641573,0.02040138,0.11764761,0.0238419,0.42866817,0.083304,0.6223732,0.12352154,0.47321618,0.095776334,0.70636666,0.12603512,22026.466796875,0,0,340000,340,1000.0,0.0,1000,1000,-0.00037106409703543014,0.015638331307323224,0.3164008351559633,-0.3211614979731362,-0.37106409703542986,0.6595716894478401,0.9676893891142212,-1.2787300325715336,0.0048274687,0.008520575,0.032801975,-0.028144162,10,-0.37106409703542986,14.682224313000916,0.014687839997350238,0.0740390590071911,137.04231779000838,151.81326900201384,5693.83005995398,33
999000,1.1703691,1.2647934,0,0,536.38525,-21.149029,10.113719,3.6742008,-40.243137,-21.05118,10.190041,3.4368267,-42.358246,-21.163338,10.22904,3.6725078,-40.569695,0.07339077,0.020842291,0.13044852,0.027956795,0.42803776,0.08128687,0.6947783,0.14475775,0.4718421,0.09360561,0.7549377,0.14865263,22026.466796875,0,0,350000,350,1000.0,0.0,1000,1000,-0.00015667227840823362,0.015381533126522032,0.3313672309371064,-0.30748410639687196,-0.156672278408234,0.5621366485719901,0.6383113125460974,-1.1397424578609916,0.0035172717,0.006749436,0.034225717,-0.028483076,10,-0.156672278408234,14.521821853995789,0.013835336998454295,0.07545288500841707,137.68189165099466,152.29300172699732,5846.127402733007,34
999000,2.2589936,1.7556322,0,0,599.2346,-19.933722,9.294441,2.7772362,-37.085022,-19.920753,9.257723,3.8839078,-38.004864,-19.878014,9.602772,2.7176826,-37.473335,0.07630412,0.018308667,0.12400248,0.031116944,0.43062395,0.08103537,0.6208097,0.101974964,0.4739241,0.09357932,0.6822871,0.104914024,22026.466796875,0,0,360000,360,1000.0,0.0,1000,1000,-0.00015962918663693345,0.013879644319776173,0.25095909752449486,-0.29411604138210773,-0.15962918663693398,0.5851161208066432,0.8849920391128315,-0.9998424146941173,0.004943501,0.0083740335,0.031999476,-0.030562645,10,-0.15962918663693398,14.455492918990785,0.013839134000591002,0.08186750100867357,136.4978861999989,151.04908575399895,5997.180640358027,35
999000,1.5738645,1.2377329,0,0,621.5937,-18.078846,10.128055,4.543839,-44.308594,-18.057518,10.103092,3.2740438,-48.161793,-18.003633,10.166254,3.7122016,-45.144848,0.077394195,0.01966518,0.14058955,0.02641775,0.42405802,0.084816,0.63051134,0.051732287,0.46594095,0.09696227,0.68314576,0.05260324,22026.466796875,0,0,370000,370,1000.0,0.0,1000,1000,-2.4916382243801004e-05,0.015414583873011272,0.3101152852850695,-0.3439207034779274,-0.024916382243801216,0.5175873745678125,0.7826030568849048,-1.0929420839456232,0.0059054927,0.007845009,0.037735343,-0.0267048,10,-0.024916382243801216,14.082619042994338,0.014035674001206644,0.0901810900104465,135.69182836200343,149.87866416900943,6147.063633496,36
999000,3.072525,2.5455253,0,0,540.3747,-18.65353,9.346913,7.0708766,-47.56488,-18.758495,9.379566,8.201035,-40.60349,-18.558884,9.457749,8.798543,-40.7318,0.07367943,0.018766107,0.12967677,0.029845906,0.4254927,0.08487512,0.6447817,0.10719944,0.46773273,0.09669216,0.70860213,0.10960369,22026.466796875,0,0,380000,380,1000.0,0.0,1000,1000,-2.4725715074868538e-05,0.01544896176946366,0.3405682678243422,-0.2952082459921037,-0.02472571507486853,0.543095518629936,1.1032866306277234,-0.7325367385820039,0.0044781696,0.0072766547,0.031362325,-0.030569857,10,-0.02472571507486853,14.15175932800048,0.014002220996189862,0.08089179400121793,136.33938442901126,150.58603777200915,6297.6540685470245,37
999000,1.233023,1.2025628,0,0,541.1393,-16.846321,9.600121,7.0264983,-35.264664,-16.97749,9.557363,6.079519,-34.982964,-16.903893,9.592447,6.923262,-36.483997,0.0738022,0.019859653,0.1319491,0.032935265,0.4239216,0.080819786,0.6224855,0.11305893,0.46651533,0.09262284,0.698113,0.11654107,22026.466796875,0,0,390000,390,1000.0,0.0,1000,1000,-0.00023778177440126122,0.01670002604827987,0.29628996286311765,-0.2947807490638885,-0.23778177440126108,0.7388586994108207,1.3136815005313667,-1.2223575345267845,0.006654264,0.00711921,0.034032747,-0.026054058,10,-0.23778177440126108,14.304651377999107,0.014531873996020295,0.07079770498967264,137.8688015009975,152.2587824579823,6449.917626498995,38
999000,1.1511476,1.1908501,0,0,533.47034,-15.679074,9.680092,8.1974745,-37.493954,-15.793849,9.70901,7.164905,-38.08937,-15.848533,9.738233,7.442733,-38.774532,0.073508486,0.019023277,0.14440227,0.019022264,0.42279652,0.081728555,0.6556573,0.123945914,0.46529168,0.09337824,0.7268946,0.13105685,22026.466796875,0,0,400000,400,1000.0,0.0,1000,1000,-6.282122817874334e-05,0.016570261858993577,0.42807300607911924,-0.429227695447367,-0.06282122817874333,0.6255764255817241,0.9806848035221878,-1.479365250063694,0.0054672705,0.0072031682,0.03416345,-0.026660524,10,-0.06282122817874333,14.202407243006746,0.013115933004883118,0.08116389000497293,137.59949698799755,151.89618405401416,6601.818182029005,39
999000,1.1566885,1.4696434,0,0,600.3442,-15.901672,8.808892,8.564887,-30.0466,-15.832361,8.79506,9.855228,-30.129063,-15.866208,8.965347,8.886028,-30.420029,0.07654621,0.021233756,0.13563561,0.024046026,0.4321432,0.08079962,0.6402533,0.16119139,0.47600555,0.09305248,0.7053655,0.17109784,22026.466796875,0,0,410000,410,1000.0,0.0,1000,1000,-0.0003081629741888172,0.016851394287145164,0.23601991535028416,-0.4081040971067909,-0.3081629741888172,0.6324971917328139,0.6323945215565153,-1.3588518631233797,0.005605598,0.006644885,0.034067065,-0.037232347,10,-0.3081629741888172,14.700613042994519,0.013861119005014189,0.07813958301267121,138.5719183159963,153.3645320610085,6755.189222907007,40
999000,1.1883235,1.3670117,0,0,570.7739,-14.009329,9.327845,7.288014,-35.08039,-13.931613,9.273874,7.1367574,-34.57648,-13.995464,9.245394,6.818667,-35.6922,0.07528276,0.019337723,0.12704013,0.021968285,0.42822242,0.08150309,0.6371603,0.09582658,0.47054264,0.09340426,0.70176905,0.097478114,22026.466796875,0,0,420000,420,1000.0,0.0,1000,1000,0.0001205716856992218,0.013416823681384861,0.3181175373847153,-0.22877624085851395,0.12057168569922165,0.4411584364116908,0.8926980038198181,-0.5420458054411085,0.0050203586,0.00784994,0.033896964,-0.025469176,10,0.12057168569922165,14.52225783400354,0.014352347992826253,0.07722920300147962,139.69319896999514,154.30703835499298,6909.500660244026,41
999000,1.3641756,1.1043849,0,0,558.1052,-12.453125,9.129325,7.8820977,-31.46395,-12.520973,9.033847,7.0882154,-32.185722,-12.453943,9.220983,7.6611805,-31.381388,0.07476628,0.018966893,0.13573709,0.030826345,0.42130736,0.08001227,0.6048759,0.12954052,0.46275264,0.092111826,0.68957293,0.13506289,22026.466796875,0,0,430000,430,1000.0,0.0,1000,1000,0.000171536258270056,0.016467853730502177,0.3696013505720508,-0.3072031604330206,0.17153625827005606,0.8198726534722469,1.4805596226108844,-0.9486866704025443,0.004254096,0.006743357,0.031612027,-0.029675543,10,0.17153625827005606,14.713193185001728,0.01392668100015726,0.07715916899906006,138.11463654600084,152.91891558100178,7062.423882700037,42
999000,1.9163548,1.6737089,0,0,611.3927,-11.832553,8.687575,8.773984,-38.34458,-11.959219,8.719914,9.395971,-36.015076,-11.887594,8.717754,7.839608,-34.024044,0.07722452,0.019836968,0.13337873,0.029142637,0.4284041,0.080843315,0.6455512,0.14433633,0.4707185,0.09289956,0.718225,0.1502262,22026.466796875,0,0,440000,440,1000.0,0.0,1000,1000,-0.0002577846387573566,0.016425158023476494,0.27107256830638893,-0.37495659676326853,-0.2577846387573564,0.7089772916506201,0.6973621432488502,-1.3603415911440613,0.004646437,0.007365196,0.03519073,-0.03339902,10,-0.2577846387573564,14.525230137005565,0.023633118995348923,0.09333900100318715,155.9996169590013,170.6418192160054,7233.070238800035,43
999000,1.131067,1.0608544,0,0,552.72375,-10.547859,7.8910623,6.5395265,-28.938574,-10.654356,7.9174643,6.979474,-28.21941,-10.770301,7.976875,8.544634,-28.98774,0.07460943,0.019123694,0.12183786,0.028390497,0.42484713,0.08476058,0.65716183,0.10647987,0.4667163,0.09714801,0.7234901,0.11086412,22026.466796875,0,0,450000,450,1000.0,0.0,1000,1000,-0.00031717606174914265,0.016288110612659747,0.264845243876879,-0.42450148583793296,-0.3171760617491427,0.6750303002895097,0.5049433576291084,-1.4982780479340838,0.0032061765,0.006934313,0.030189745,-0.036087036,10,-0.3171760617491427,19.096561919010128,0.01930060499580577,0.08992158499313518,185.0343185679958,204.24010267699487,7437.314870389047,44
999000,1.323353,1.241498,0,0,632.74426,-9.053599,7.3587255,12.803822,-30.46265,-9.067292,7.2980433,14.864715,-28.926405,-9.032948,7.449646,14.574725,-29.872673,0.07831902,0.019437999,0.1368026,0.030106388,0.43170738,0.082173206,0.6294961,0.17094567,0.47562224,0.09467658,0.72898215,0.17553838,22026.466796875,0,0,460000,460,1000.0,0.0,1000,1000,-0.00022955353923724501,0.017801473909524263,0.21143190993172747,-0.4473790098486489,-0.22955353923724528,0.84360660563732,0.9105063320110095,-1.7353178392179704,0.0033886808,0.008834108,0.0380634,-0.03141632,10,-0.22955353923724528,18.8983667279972,0.019272093995823525,0.09203294500184711,186.5281696680031,205.53784143499797,7642.861859910045,45
999000,2.501325,2.8530917,0,0,515.71735,-8.651249,7.1644773,8.296,-32.545532,-8.536627,7.1144915,8.628653,-29.161585,-8.717381,7.227528,8.030574,-31.416496,0.07302455,0.018650591,0.124405585,0.023696458,0.41279387,0.079265796,0.5939469,0.17630145,0.4527052,0.09015296,0.65077245,0.18512529,22026.466796875,0,0,470000,470,1000.0,0.0,1000,1000,-0.0002894654921478882,0.012994787195606435,0.16823333260836154,-0.29003659586022035,-0.289465492147888,0.34311920488778536,0.31212155843070405,-0.9134268026555413,0.0052522393,0.008567803,0.039128073,-0.028739937,10,-0.289465492147888,18.799384680998628,0.016994742007227615,0.09426697499293368,183.65790855100204,202.56855494900083,7845.440507732055,46
999000,1.5662993,1.4233267,0,0,513.9134,-8.610353,6.9239907,7.1315823,-32.67963,-8.549181,6.9492993,7.508958,-31.145582,-8.483025,7.0545163,6.7799687,-32.53081,0.07294795,0.019135902,0.12593322,0.029689725,0.42537522,0.08080069,0.63294685,0.04236987,0.46591347,0.09174099,0.6839321,0.043428916,22026.466796875,0,0,480000,480,1000.0,0.0,1000,1000,8.610780977067646e-05,0.015378191739923336,0.4923998520635051,-0.2401120149154147,0.0861078097706767,0.5038306723163767,0.8933034849569595,-0.873831563963558,0.0038840745,0.007942612,0.03482465,-0.035140965,10,0.0861078097706767,18.76441318000434,0.01603836200956721,0.08394801399845164,177.61365350800043,196.47805306401278,8041.928287256014,47
999000,1.4905691,1.2946723,0,0,534.67035,-7.425696,6.540305,9.788958,-27.471092,-7.4419804,6.636718,10.226226,-28.028978,-7.2482967,6.788056,9.578452,-26.084532,0.07393995,0.020593097,0.13025692,0.02394667,0.4282655,0.081479006,0.62669325,0.17209412,0.47050387,0.09340675,0.6881838,0.18592134,22026.466796875,0,0,490000,490,1000.0,0.0,1000,1000,-0.00019490355958690943,0.01612823373536415,0.42659339938457214,-0.3296673725871355,-0.19490355958690925,0.6480123443701922,1.378587528099372,-0.958953666454177,0.004185421,0.006577166,0.03322332,-0.03319309,10,-0.19490355958690925,18.45028124000237,0.021064740998554043,0.08530736999819055,177.43786709899723,195.99452044999634,8237.928666678024,48
999000,0.9021832,0.8833305,0,0,537.2478,-6.350052,6.275334,9.36909,-33.00102,-6.30967,6.2289405,10.155049,-33.872784,-6.2946577,6.2389154,9.604402,-31.951609,0.07410523,0.018922284,0.13287325,0.03220693,0.4328485,0.08165166,0.62141657,0.10974927,0.47582605,0.0934279,0.69996834,0.112207636,22026.466796875,0,0,500000,500,1000.0,0.0,1000,1000,0.00024590582281756645,0.016577788954335166,0.3839251625968741,-0.2787388892944742,0.24590582281756695,0.7628129137962654,1.5079317393083633,-1.3242150455252149,0.0038191746,0.009411588,0.037330266,-0.031928726,10,0.24590582281756695,18.742310039000586,0.014125984991551377,0.078876080995542,164.57539529100177,183.41070739598945,8421.344280585996,49
999000,1.3142755,1.3571644,0,0,582.75714,-5.3807,5.481586,8.874286,-23.293951,-5.3237514,5.4384,8.93459,-20.669924,-5.257113,5.508548,8.2196665,-20.836914,0.076215096,0.018748038,0.1222169,0.032790165,0.43132293,0.07981038,0.64257795,0.1855037,0.47367293,0.091540016,0.7220884,0.19301115,22026.466796875,0,0,510000,510,1000.0,0.0,1000,1000,0.00015130084643165558,0.013425683531939757,0.32210947407870155,-0.32314212906868395,0.1513008464316557,0.4485863416162475,0.6618871288739936,-0.6430623892009165,0.0040763714,0.007120832,0.033591766,-0.027889788,10,0.1513008464316557,15.050064923008904,0.014431253002840094,0.05643087699718308,141.63202388300851,156.75295093601744,8578.102075559,50
999000,0.82206583,0.85649186,0,0,560.129,-4.8422894,5.6098285,9.041393,-20.668789,-4.658508,5.696104,9.309157,-20.652866,-4.7508664,5.658933,9.141766,-20.64446,0.07521826,0.017519977,0.11907176,0.02572503,0.43084553,0.08456108,0.6423423,0.14260103,0.4730308,0.09625754,0.7153567,0.14905538,22026.466796875,0,0,520000,520,1000.0,0.0,1000,1000,4.174684006349192e-05,0.016344209418390716,0.28341621512587134,-0.2666277161682464,0.041746840063492066,0.7121658613370148,1.560848240205625,-0.9872749069566332,0.004074876,0.008378574,0.03207557,-0.033563964,10,0.041746840063492066,14.609749718991225,0.014205870000296272,0.09372108599927742,142.26617735599575,156.98385403098655,8735.090638751004,51
999000,0.96756154,0.7793863,0,0,556.7092,-4.318024,4.9024396,10.402255,-17.829878,-4.2748375,4.935889,10.002273,-18.635515,-4.513466,5.0904307,10.163201,-19.514978,0.07508792,0.017920557,0.11645707,0.03287549,0.42641887,0.079401635,0.6182817,0.16438203,0.4670517,0.09063369,0.6843692,0.17455657,22026.466796875,0,0,530000,530,1000.0,0.0,1000,1000,-0.0004172019369948175,0.015923975465154252,0.17174045488710898,-0.4386150035492199,-0.41720193699481706,0.5128297474815248,0.09388846982725403,-1.8387023158363438,0.002559751,0.008260462,0.031360574,-0.032332342,10,-0.41720193699481706,14.673480762008694,0.014042358990991488,0.10569600200688001,141.83299224199436,156.62621136500093,8891.72168106804,52
999000,0.81896937,0.83629555,0,0,547.1903,-3.8674266,5.808808,9.055939,-34.258812,-3.7814386,5.7157874,10.605232,-32.918312,-3.788737,5.856584,9.758167,-32.316273,0.074671924,0.019293264,0.123128414,0.028075935,0.42524868,0.083355255,0.62655103,0.13713554,0.46681106,0.095002785,0.69247884,0.14378478,22026.466796875,0,0,540000,540,1000.0,0.0,1000,1000,4.6131654293775514e-05,0.017633516232757326,0.3556989054398062,-0.4551818045413469,0.04613165429377527,0.7422118953592737,1.0094163051091478,-1.181379312530059,0.0028986356,0.0074465927,0.030335367,-0.029991932,10,0.04613165429377527,14.840260540004238,0.01378423000278417,0.07710422600212041,138.3786786189885,153.30982761499763,9045.036254856997,53
999000,0.7088851,0.8060369,0,0,547.5122,-3.0984867,4.442102,10.774312,-16.577768,-3.0985613,4.512314,13.093303,-15.731185,-3.1413655,4.548816,10.963649,-16.669191,0.074720845,0.019730724,0.14453018,0.025290396,0.42751378,0.0798318,0.62209225,0.114390895,0.4694795,0.091105014,0.68934226,0.11777011,22026.466796875,0,0,550000,550,1000.0,0.0,1000,1000,0.0002606268953501774,0.014744344068547934,0.32557731425386144,-0.1638864410051024,0.26062689535017725,0.38362734376846075,1.1343933204308447,-0.23479487650607064,0.0021202748,0.007838583,0.02997874,-0.03452814,10,0.26062689535017725,14.290957694000099,0.013993753003887832,0.08899463999841828,136.61981686099898,151.01376294800139,9196.054544174956,54
999000,0.796069,0.90187484,0,0,539.0674,-2.3786488,4.8442097,12.249125,-27.86061,-2.4843874,4.8954887,11.773589,-28.516737,-2.5566509,5.004967,11.012757,-30.04248,0.07436996,0.018896718,0.12660258,0.027785711,0.42989933,0.080161415,0.6350951,0.15349086,0.47124115,0.09116404,0.69784427,0.159609,22026.466796875,0,0,560000,560,1000.0,0.0,1000,1000,-0.00032824919299776,0.018289999169421103,0.35755787331544875,-0.3944892454655909,-0.3282491929977601,0.7973183111763084,1.0405036917559478,-1.7757151175703643,0.004483136,0.0077004875,0.035633203,-0.029059723,10,-0.3282491929977601,14.159460916998796,0.013296175995492376,0.08083027601242065,136.79883508700004,151.05242245600675,9347.111275653006,55
999000,1.1447101,1.1023593,0,0,570.4706,-2.5977726,5.554711,10.785001,-31.634073,-2.6111574,5.56499,9.925113,-31.856165,-2.9476647,5.682366,10.070842,-31.036217,0.07578145,0.018646332,0.1248919,0.028518276,0.4278561,0.079772115,0.63764083,0.12091757,0.46902633,0.091569714,0.70003414,0.12681086,22026.466796875,0,0,570000,570,1000.0,0.0,1000,1000,-0.0002696937228767335,0.01594522222635098,0.26469379471817633,-0.3671968984907596,-0.26969372287673316,0.540540202818358,0.3936140501001812,-1.480445338265036,0.0038503313,0.006881111,0.034508478,-0.026018826,10,-0.26969372287673316,14.172097204005695,0.015134792003664188,0.08158782700775191,137.0067258229974,151.2755456460145,9498.391046492005,56
999000,0.8830948,0.9370668,0,0,540.39465,-2.9572425,4.5456142,10.569747,-16.794102,-2.844843,4.4942117,10.952217,-16.939953,-2.8618581,4.6174536,9.629811,-19.044321,0.074404456,0.017946653,0.12876625,0.034618743,0.43261904,0.07924693,0.6113497,0.13065596,0.47452402,0.09083204,0.6782322,0.134493,22026.466796875,0,0,580000,580,1000.0,0.0,1000,1000,-0.0005626752663384144,0.017658154124276036,0.13933108999020202,-0.45821303017177717,-0.5626752663384147,0.5532241231220002,-4.212409568542415e-05,-1.902474042188458,0.0019724034,0.0077392897,0.031635698,-0.028520187,10,-0.5626752663384147,14.535118532992783,0.014174354000715539,0.09510767800384201,138.1547663579986,152.79916692299594,9651.195003196,57
999000,0.8117162,0.7402209,0,0,559.7225,-1.9157772,4.5886436,10.919571,-17.236723,-1.868516,4.585128,13.537679,-15.683363,-1.7825732,4.691266,13.914665,-16.226307,0.07533727,0.019204479,0.12215153,0.023816887,0.42838445,0.08002029,0.6450622,0.1463916,0.46915257,0.09079267,0.699605,0.1511987,22026.466796875,0,0,590000,590,1000.0,0.0,1000,1000,-0.0005508208395152168,0.019107254570237254,0.24163015512799874,-0.488766584143547,-0.5508208395152165,0.9060612637405882,0.6995075290604138,-2.6226051254560736,0.0027125338,0.0076710945,0.03167237,-0.031388786,10,-0.5508208395152165,14.552162798994686,0.014153040989185683,0.0825428320094943,138.2019612259901,152.85081989798346,9804.050563382989,58
999000,0.6260817,0.5581131,0,0,554.5607,-1.8562989,4.324964,12.440606,-13.911636,-1.9481552,4.2383103,12.164721,-13.953179,-1.9129384,4.37186,12.136345,-12.925889,0.07509279,0.018962596,0.123847604,0.02836319,0.422998,0.08356007,0.6209961,0.09711432,0.4636053,0.09550112,0.68665653,0.10030444,22026.466796875,0,0,600000,600,1000.0,0.0,1000,1000,-0.0005497551207868173,0.021043470798705746,0.34705128170396515,-0.4734384284319267,-0.5497551207868178,0.8489183799412993,1.0888645756821629,-2.011439821482862,0.0030802195,0.009040535,0.03442749,-0.030987455,10,-0.5497551207868178,14.468438119001803,0.01450796501012519,0.06364816700806841,138.65908440299972,153.20567865401972,9957.260438149999,59
999000,0.7851417,0.9712681,0,0,555.558,-2.18478,5.6761656,10.62645,-31.415327,-2.0206132,5.698769,10.470242,-32.727993,-2.1124008,5.7069345,10.602202,-30.779037,0.07513648,0.01902048,0.13146758,0.020207379,0.4326297,0.07882808,0.6204827,0.17097741,0.4746284,0.09002053,0.6867056,0.17821613,22026.466796875,0,0,610000,610,1000.0,0.0,1000,1000,-0.0001309960417971185,0.017677233222773817,0.462155345716428,-0.39484886599389574,-0.13099604179711824,0.7834227488759169,1.4214247727179155,-1.546773483887066,-0.00061990606,0.010696068,0.030504884,-0.038076013,10,-0.13099604179711824,14.452472160002799,0.014511829998809844,0.07416704400384333,138.91474944299262,153.45590047699807,10110.721450579993,60
999000,0.67932653,0.7387923,0,0,507.74658,-1.4288831,5.564802,11.564996,-30.937857,-1.5713062,5.5356045,12.852933,-30.865501,-1.4420258,5.7120967,11.48043,-30.672401,0.07299112,0.018414985,0.12195033,0.021703508,0.42636886,0.08554038,0.6278912,0.07313982,0.46704417,0.09721534,0.69405484,0.07459748,22026.466796875,0,0,620000,620,1000.0,0.0,1000,1000,6.636381651435397e-05,0.018617889464647215,0.3328064067391193,-0.3932205354643739,0.06636381651435341,0.899093310331687,1.5628320562585776,-1.586415005893575,-0.0015222349,0.009777669,0.03058261,-0.037795115,10,0.06636381651435341,14.647460998996394,0.020582900004228577,0.09235949499998242,164.98397009600012,179.74437349000073,10290.470075187011,61
999000,0.8930897,0.87642306,0,0,562.3577,-0.86038613,4.7805243,10.915087,-29.165632,-0.89762455,4.7900925,10.578194,-30.745874,-0.9090795,4.9075923,9.908141,-31.515512,0.07549554,0.019210245,0.12504882,0.03363898,0.43135113,0.08096467,0.6455051,0.13152792,0.4735794,0.09280892,0.71800077,0.13972798,22026.466796875,0,0,630000,630,1000.0,0.0,1000,1000,9.594239289293895e-05,0.017147791491368157,0.38199762303023166,-0.2960211368831665,0.09594239289293872,0.7201519499423087,1.3036745640222107,-1.2428090858009284,-0.0002873778,0.009176228,0.030360075,-0.036016352,10,0.09594239289293872,18.470402537001064,0.01791280700126663,0.09579781099455431,177.14201835700078,195.72613151199766,10486.200846925029,62
999000,0.7571007,0.61994636,0,0,540.9833,-1.8998864,5.0820093,12.391468,-26.697979,-1.9517169,5.2185087,11.401463,-28.952679,-1.8638587,5.2135725,11.171956,-28.693583,0.0744791,0.01837361,0.118081,0.027914124,0.4301384,0.08057656,0.6224656,0.118714646,0.47177285,0.09242211,0.6929297,0.12108702,22026.466796875,0,0,640000,640,1000.0,0.0,1000,1000,-0.00030147123161415156,0.017934454431342797,0.33729798419969653,-0.4574236242980865,-0.30147123161415224,0.8492512235140484,0.730516861657428,-1.910926635524158,-0.0004740357,0.008874689,0.03143555,-0.0386067,10,-0.30147123161415224,18.89279315598833,0.021326794987544417,0.12424412599648349,176.26073736599938,195.29910144297173,10681.508438164019,63
999000,0.7632034,0.86728555,0,0,506.90802,-1.5439546,5.421433,11.66633,-30.506918,-1.585285,5.4615154,11.343512,-31.678831,-1.5403175,5.5570188,11.64203,-30.337896,0.07294287,0.020460268,0.13106664,0.02393422,0.42184442,0.08185275,0.6151224,0.14307721,0.46314162,0.09306889,0.67550325,0.15081817,22026.466796875,0,0,650000,650,1000.0,0.0,1000,1000,-1.8873170163493213e-06,0.018805781616588073,0.44984768788998797,-0.3794123360591918,-0.0018873170163493437,0.8596286118820119,1.3037825314034708,-1.3857544041936718,0.0021674158,0.008734971,0.03756338,-0.03178452,10,-0.0018873170163493437,18.14390954199189,0.014004206997924484,0.08505334099754691,170.51901731200633,188.7619844019937,10870.275764728023,64
999000,0.56047666,0.7596454,0,0,514.64795,-1.6509285,4.7537246,13.627844,-29.561253,-1.744747,4.722284,13.756667,-29.313509,-1.5363669,4.743707,13.733019,-28.839674,0.07328923,0.019842153,0.13074426,0.02649885,0.42486078,0.083869375,0.62287295,0.11857143,0.4654942,0.09504517,0.6929115,0.12263863,22026.466796875,0,0,660000,660,1000.0,0.0,1000,1000,-1.0585630529902246e-06,0.016688809705194638,0.39274953921822836,-0.3135386142396315,-0.0010585630529903133,0.7083163025344048,1.3104121441958996,-0.9686208825703216,0.0027364013,0.008031865,0.032498118,-0.032705963,10,-0.0010585630529903133,14.963003158001811,0.030218906002119184,0.1038650550035527,166.1005273419869,181.19761446099437,11051.477917714059,65
999000,0.5637835,0.6475097,0,0,571.5851,-0.64812076,4.9875755,12.844915,-29.393053,-0.5395963,5.0507107,13.92038,-29.59515,-0.81722206,5.201855,14.244558,-29.901606,0.07592162,0.019920003,0.13204753,0.028896162,0.43802488,0.07973089,0.6322988,0.13849096,0.48101586,0.09108302,0.69602436,0.14350691,22026.466796875,0,0,670000,670,1000.0,0.0,1000,1000,-0.0003957184508625907,0.01623030965111073,0.25103343315491433,-0.28263004111461787,-0.39571845086259105,0.4415531662195693,0.5464768019072788,-0.9412364921708597,-3.234448e-05,0.008316915,0.029474154,-0.03560294,10,-0.39571845086259105,19.006152545000077,0.014701001011417247,0.08196317400143016,158.90938431301038,178.0122010330233,11229.498128028063,66
999000,0.7271233,0.74641526,0,0,535.7925,-0.6579492,4.4752293,10.872778,-30.179419,-0.5824731,4.506251,13.886355,-29.048014,-0.6597751,4.5999546,14.620565,-28.835026,0.074307024,0.01976679,0.12433658,0.02967366,0.42562786,0.08153317,0.6394762,0.1523776,0.4678052,0.093068436,0.7110297,0.16059235,22026.466796875,0,0,680000,680,1000.0,0.0,1000,1000,-5.607625555261668e-05,0.017002806164398126,0.32106341884076317,-0.3128624123882096,-0.05607625555261704,0.8205672628370304,1.0104053942213056,-1.3185029062003242,0.0018575029,0.00776072,0.029876314,-0.033406116,10,-0.05607625555261704,14.688527277001413,0.016265548998489976,0.09262831701198593,162.56133974000113,177.35876088301302,11406.861271459085,67
999000,0.6081074,0.70889544,0,0,543.51306,-1.0216035,4.3391666,9.802587,-27.736464,-1.020241,4.341066,11.543662,-27.03847,-1.1443357,4.479562,11.481247,-27.298227,0.07463872,0.019510794,0.14068618,0.0292997,0.4306465,0.08036806,0.6418261,0.111770935,0.47188538,0.090965934,0.7026803,0.11557129,22026.466796875,0,0,690000,690,1000.0,0.0,1000,1000,-0.00040321054250809507,0.01726517824646207,0.3611903356688371,-0.41615528777477,-0.40321054250809485,0.7075781610519544,0.8016219401554692,-1.9746782278396209,0.0037389102,0.008747122,0.031228265,-0.038298946,10,-0.40321054250809485,16.878658244007966,0.018762342995614745,0.0833443480078131,165.19024670000363,182.17101163501502,11589.03792547909,68
999000,0.70138526,0.8100949,0,0,601.50745,-0.8553109,4.877313,12.95105,-13.703412,-0.90269315,4.9676237,14.448585,-13.504582,-0.7556095,4.9063883,11.665951,-13.812259,0.07728029,0.019560702,0.1555708,0.027429476,0.4294592,0.083539896,0.63517284,0.11741254,0.4712842,0.09535795,0.72448343,0.1208623,22026.466796875,0,0,700000,700,1000.0,0.0,1000,1000,5.2836526427875176e-05,0.01482434922305265,0.32068111526928794,-0.38555699298999396,0.052836526427875084,0.4698967545681214,0.8645868720558748,-0.6730659207480597,0.004745115,0.008841471,0.037632894,-0.032261834,10,0.052836526427875084,16.692839693001588,0.019133631998556666,0.07530806800059509,164.79442455199023,181.58170594499097,11770.624758744088,69
999000,0.59823114,0.7302168,0,0,517.8423,-0.16768892,4.5157304,13.145392,-14.182749,-0.13921499,4.5146356,12.635644,-15.251169,-0.1592688,4.596817,12.328188,-15.625251,0.073505715,0.018596403,0.11255936,0.028547522,0.4213486,0.08277571,0.62478924,0.122519724,0.4615697,0.09451646,0.67556083,0.12661205,22026.466796875,0,0,710000,710,1000.0,0.0,1000,1000,-3.507360729275892e-05,0.017100799767495352,0.32422282759410304,-0.3115761399942091,-0.03507360729275903,0.7424849225440884,1.1256299339169105,-1.0491780780105746,0.0033998888,0.008115461,0.03198648,-0.028953463,10,-0.03507360729275903,16.78573606298596,0.017688428997644223,0.0924733110005036,162.98053265000635,179.87643045299046,11950.508044139118,70
999000,0.59788257,1.1042004,0,0,539.0367,-0.36021313,5.282368,10.354457,-26.407948,-0.2966922,5.1369658,10.766257,-25.080132,-0.46926332,5.3511305,10.344917,-25.255644,0.07446751,0.019802561,0.12590529,0.022999521,0.4323297,0.07998018,0.64485586,0.08947953,0.4741509,0.09126332,0.71831435,0.09206441,22026.466796875,0,0,720000,720,1000.0,0.0,1000,1000,0.00010147398900643451,0.016403439508549795,0.32396790634110234,-0.26364717732124154,0.10147398900643431,0.47099708294980225,0.9390422960315629,-0.5374635726011857,0.0026184586,0.008773297,0.033597734,-0.03171805,10,0.10147398900643431,17.187128214995028,0.022964403993682936,0.07990506399073638,170.14845994199277,187.43845762497222,12137.950482329092,71
999000,0.8106704,0.8115095,0,0,576.32996,-0.7820401,5.093377,12.742809,-25.817019,-0.73372436,5.141906,12.9196005,-26.72306,-0.45207363,5.2079844,12.899223,-25.822315,0.076134175,0.02006672,0.13545093,0.03341319,0.43107235,0.08222502,0.63851106,0.12884702,0.472905,0.09377155,0.69632864,0.13127503,22026.466796875,0,0,730000,730,1000.0,0.0,1000,1000,-0.00029286074743913786,0.017147675515953805,0.4075596627660028,-0.44555978519805256,-0.2928607474391382,0.7200215945627851,0.8455158941835589,-1.8451259056718663,0.0009799547,0.008733783,0.03165154,-0.027460406,10,-0.2928607474391382,17.803258494008332,0.02169990800030064,0.09050172600836959,169.20809373700467,187.12355386502168,12325.078706138083,72
999000,0.7438234,0.6069983,0,0,544.0773,-0.4858923,5.509373,15.732951,-26.7611,-0.5316391,5.4780436,16.36518,-25.533484,-0.642974,5.5245657,15.189809,-25.638,0.07468727,0.018735753,0.12978521,0.02988981,0.4279566,0.08026675,0.6466325,0.15663388,0.4692176,0.09191033,0.72360265,0.16373475,22026.466796875,0,0,740000,740,1000.0,0.0,1000,1000,-1.1963443911226778e-05,0.013812491213918497,0.31767547669449564,-0.2275847078297786,-0.011963443911226607,0.32555194844733343,0.6426278096540288,-0.3722374330055179,0.0029110082,0.008897737,0.034596868,-0.032680895,10,-0.011963443911226607,17.911703911988297,0.020858864998444915,0.09414381200622302,169.02597593399696,187.05268252298993,12512.140115820119,73
999000,0.58284557,0.67424816,0,0,518.45276,-0.006991511,4.4579854,23.279314,-12.406341,0.0037896559,4.522496,23.258461,-13.409573,-0.07162602,4.4805937,21.668612,-12.804297,0.073541604,0.018827647,0.1237831,0.0291876,0.42230588,0.078556366,0.6028833,0.089174114,0.4628601,0.08962359,0.6635766,0.09070096,22026.466796875,0,0,750000,750,1000.0,0.0,1000,1000,-0.0003538596762388159,0.016115543218611014,0.2951049493077655,-0.272595011306125,-0.3538596762388161,0.501307096834177,0.5348407868189621,-0.9032287195335169,0.0027890797,0.008217989,0.032969076,-0.03142166,10,-0.3538596762388161,17.811106662993552,0.014103388006333262,0.06984588201157749,145.0016866070073,162.89674254001875,12675.041393144158,74
999000,0.6034839,0.79214156,0,0,538.1444,-0.6794417,4.519726,14.631703,-13.152534,-0.70250654,4.4258914,14.030401,-14.873588,-0.60962105,4.535158,13.719311,-13.138892,0.074409835,0.018640032,0.12091267,0.032757428,0.42164838,0.08157534,0.63288033,0.13500966,0.46093044,0.09299354,0.6851895,0.14214177,22026.466796875,0,0,760000,760,1000.0,0.0,1000,1000,-0.0007866733384763102,0.02298258795240449,0.32757945741224176,-0.4959569719970101,-0.7866733384763095,0.9757138576268882,1.2619223872680376,-2.2458692761392363,0.001767541,0.009373857,0.03377853,-0.031022033,10,-0.7866733384763095,14.221257022989448,0.014439933001995087,0.07580670900642872,136.6508932680008,150.96239693299867,12826.008002741175,75
999000,0.6833818,0.7036537,0,0,579.4833,-0.5726256,4.463078,9.778042,-27.043262,-0.6580721,4.516077,9.272946,-29.870884,-0.66709286,4.497597,9.201366,-27.472454,0.076289535,0.01954784,0.13678038,0.030669328,0.4297521,0.08103753,0.61267054,0.1380023,0.4703629,0.09200397,0.68381834,0.14257014,22026.466796875,0,0,770000,770,1000.0,0.0,1000,1000,-0.00020846794674725993,0.016952307947245858,0.2743528617557972,-0.3301045536130303,-0.20846794674725952,0.6123257897932942,0.45735874593023756,-1.1404742482674879,0.0007983971,0.008589196,0.03047037,-0.035132937,10,-0.20846794674725952,14.42927535600029,0.013805212001898326,0.08275290300662164,137.31342343699362,151.83925690800243,12977.851892123173,76
999000,0.58197886,0.63579106,0,0,541.7313,-0.73407805,4.6068854,13.123017,-21.75458,-0.7955979,4.650568,13.243208,-21.55109,-0.7049963,4.8043027,13.708463,-22.337284,0.074564174,0.018044569,0.12674938,0.01936695,0.4285514,0.08269653,0.6215067,0.15806381,0.46893513,0.09363585,0.6934847,0.17067228,22026.466796875,0,0,780000,780,1000.0,0.0,1000,1000,-0.00029262125944646243,0.01512173303404091,0.1900767226769424,-0.29916617488561953,-0.29262125944646217,0.4109493064641102,0.27663977441150567,-0.850123914758364,0.0031825325,0.007499647,0.03278076,-0.0252072,10,-0.29262125944646217,14.395757531994605,0.013402706987108104,0.09582603399758227,136.71959212599904,151.22457839897834,13129.080930750148,77
999000,0.6535031,0.70626485,0,0,533.4607,-0.79243296,5.0105824,14.650364,-23.105688,-0.77274096,4.955123,15.066229,-23.688879,-0.7305496,5.015406,14.372483,-23.380548,0.07418876,0.019588117,0.122860424,0.02380437,0.42430338,0.07955389,0.64273804,0.12182667,0.4638689,0.09025317,0.7101458,0.12431074,22026.466796875,0,0,790000,790,1000.0,0.0,1000,1000,-0.0003884527261817466,0.01834610908203091,0.25051323011668697,-0.34923156914795994,-0.38845272618174675,0.640653279477758,0.6829136872472233,-1.2422735892696173,0.0030475582,0.00976254,0.037367202,-0.032094453,10,-0.38845272618174675,14.415383348998148,0.014632235004683025,0.08721500499814283,136.8582427240035,151.37547331300448,13280.460804916147,78
999000,0.7996651,0.7584796,0,0,500.52338,-0.5818693,4.640528,13.779874,-22.16131,-0.48668116,4.5721836,13.818701,-22.284832,-0.7144029,4.795161,16.066628,-22.763374,0.07270923,0.020453116,0.12667553,0.02229684,0.4122653,0.0828872,0.6051113,0.11146973,0.4495924,0.093506284,0.66304845,0.116115436,22026.466796875,0,0,800000,800,1000.0,0.0,1000,1000,-0.0001902004409783978,0.01877141478816883,0.36553819201397675,-0.41503309350268247,-0.19020044097839806,0.8486475958076496,1.3631666577550154,-1.6218022004365689,-0.0024568248,0.00825347,0.027674442,-0.035499744,10,-0.19020044097839806,14.414247888998943,0.01421790300810244,0.07440426399989519,136.40383220599324,150.90670226200018,13431.372024541153,79
999000,0.7248166,0.8347189,0,0,501.35468,-0.64474225,4.471241,11.269904,-17.625261,-0.61086345,4.439157,11.061282,-15.812888,-0.45494658,4.48625,12.717046,-15.042561,0.07273293,0.018172333,0.13239464,0.026791891,0.42559716,0.08371287,0.68808836,0.157727,0.46633732,0.09510278,0.76500154,0.16966419,22026.466796875,0,0,810000,810,1000.0,0.0,1000,1000,-6.227229033312815e-05,0.015143700850914932,0.27600454718765827,-0.2598485814433493,-0.06227229033312822,0.4948271569821285,0.5964040958355297,-0.8587486153386735,0.0007929521,0.009249907,0.03566497,-0.03375538,10,-0.06227229033312822,14.147525508000399,0.01474810199579224,0.08129583699337672,136.77875458999188,151.02232403698144,13582.398339399137,80
999000,0.7679361,0.65427804,0,0,577.1726,-0.5001902,5.208792,11.726563,-23.104795,-0.537873,5.2894907,11.999055,-23.383522,-0.5716468,5.3952804,12.090084,-24.532055,0.076186724,0.019033292,0.12423731,0.027986629,0.42125374,0.08004731,0.6660599,0.08824795,0.4605105,0.09106759,0.72894174,0.09022903,22026.466796875,0,0,820000,820,1000.0,0.0,1000,1000,4.664278336003039e-05,0.01780361811994746,0.331596710642058,-0.34303833110585613,0.04664278336003001,0.8583589988367923,1.7169365016296732,-1.1331931855216006,-0.00022099116,0.009062791,0.03178451,-0.033322003,10,0.04664278336003001,14.549434584012488,0.013656863011419773,0.0820493310020538,138.16478123600245,152.80992201402842,13735.212769350139,81
999000,0.716517,0.75588083,0,0,577.5455,-0.9863076,4.6498184,13.348479,-32.73332,-0.81525254,4.6597204,13.187305,-31.444881,-0.99579555,4.7719197,13.935985,-31.686445,0.07618262,0.017451352,0.12630469,0.035092425,0.42372409,0.07697115,0.6117151,0.19888669,0.46352023,0.08785944,0.6718409,0.21305542,22026.466796875,0,0,830000,830,1000.0,0.0,1000,1000,1.571559154105002e-05,0.01600827197081443,0.3743676083037311,-0.26080731343461866,0.015715591541049678,0.6329442505072048,1.0139334215676001,-0.9256013026651202,0.0012382113,0.008039705,0.031817205,-0.030786822,10,0.015715591541049678,14.542677556004492,0.014603770003304817,0.10108057099569123,142.43351166100183,157.09187355800532,13892.309320648143,82
999000,0.87879735,0.7585363,0,0,545.8806,-1.0254043,4.9083343,17.567928,-22.521162,-1.1687136,4.9816017,16.699436,-24.087894,-1.1024139,5.092037,19.300482,-24.587074,0.07474492,0.018819125,0.13227619,0.031881418,0.42342728,0.08083149,0.6248251,0.14688447,0.4636675,0.09216704,0.6922699,0.15100732,22026.466796875,0,0,840000,840,1000.0,0.0,1000,1000,-7.729157300682732e-05,0.017758120676579715,0.3607713936762912,-0.444032812741977,-0.07729157300682726,0.8462205711096541,1.1326752819559358,-1.7269402564199212,0.00091516954,0.008794513,0.029938785,-0.030489422,10,-0.07729157300682726,14.944743549000123,0.015947538006003015,0.0780177900014678,143.27198843499355,158.31069731200114,14050.625613253142,83
999000,0.6856128,0.73659587,0,0,537.0728,-1.2767477,4.6319156,13.313493,-18.289595,-1.4155732,4.687734,12.406474,-18.6829,-1.3879771,4.8125296,11.286863,-18.847197,0.07433213,0.0175236,0.12291766,0.029538773,0.4252567,0.08125239,0.61660016,0.14279445,0.46445805,0.09200938,0.68775636,0.15339248,22026.466796875,0,0,850000,850,1000.0,0.0,1000,1000,-6.917851785493043e-05,0.016352562535308687,0.2530670876010099,-0.39462068148876117,-0.06917851785493023,0.6806917486593199,0.7125981312563726,-1.6052442378266958,-0.001211193,0.008777648,0.032038696,-0.03422341,10,-0.06917851785493023,14.991290746998857,0.015781598005560227,0.0811198070005048,143.10968936000427,158.1978815120092,14208.82790511116,84
999000,1.1581814,1.1623067,0,0,553.41284,-1.1116704,4.857634,13.387444,-19.672035,-1.1388776,4.8664036,13.605488,-18.617504,-1.1276791,4.923914,12.572172,-19.105997,0.075077705,0.017148074,0.11657984,0.03049196,0.42257416,0.084506325,0.61430204,0.13988143,0.46182382,0.09558306,0.6827195,0.14337783,22026.466796875,0,0,860000,860,1000.0,0.0,1000,1000,-0.00014040578448494334,0.015743849202898636,0.24133091275839702,-0.25412679034914437,-0.1404057844849436,0.5810620468006196,1.019283868003469,-1.2379027476407927,0.0005235395,0.008106889,0.032598473,-0.031967897,10,-0.1404057844849436,15.27880257499055,0.017524610986583866,0.08108309700037353,144.77142301600543,160.14883329898294,14368.981485905155,85
999000,0.90597403,1.0625379,0,0,579.91656,-1.3453238,5.1124573,13.309253,-22.44835,-1.4236447,5.046912,12.334503,-21.837376,-1.6518939,5.241498,12.911576,-21.89049,0.07627154,0.019164527,0.13549536,0.025177015,0.42708516,0.08438249,0.6634538,0.1540874,0.46799833,0.09592507,0.73072886,0.16033219,22026.466796875,0,0,870000,870,1000.0,0.0,1000,1000,0.0001633395344789806,0.014938646836858614,0.3209891913422077,-0.27807326875735,0.16333953447898086,0.6048567393550598,1.0143686338201463,-0.8659301659063184,0.0027746474,0.008673756,0.035960745,-0.030206682,10,0.16333953447898086,15.970223773998441,0.01794013800099492,0.07008837698958814,146.2526100279938,162.31086231698282,14531.298102567118,86
999000,0.50027394,0.5652782,0,0,545.5226,-1.2161655,4.501457,9.91838,-14.465809,-1.1984537,4.485865,9.651622,-13.5272,-1.193017,4.477182,9.76761,-13.517384,0.07471506,0.018638989,0.12501353,0.02131276,0.42774525,0.07952043,0.63860667,0.10109644,0.46773782,0.08984318,0.7015039,0.103453636,22026.466796875,0,0,880000,880,1000.0,0.0,1000,1000,-0.00021377479922445657,0.01712839924148618,0.30682187629422997,-0.30767098564909207,-0.21377479922445702,0.7952059035786936,1.6317125869098605,-1.1715830469548754,0.0021945518,0.009863545,0.036028486,-0.029602805,10,-0.21377479922445702,15.548678274004487,0.017143213000963442,0.07777263301250059,150.08001888199942,165.72361300201737,14697.027410606126,87
999000,0.57998335,0.49970973,0,0,524.19116,-2.2435074,4.8543644,9.273483,-18.805971,-2.2148738,4.8599615,9.38142,-20.078957,-2.0698392,4.8702526,9.180001,-19.650671,0.0737032,0.018980745,0.11225659,0.023509584,0.41866547,0.07894753,0.6898965,0.15761964,0.4572389,0.08986926,0.75667894,0.16283166,22026.466796875,0,0,890000,890,1000.0,0.0,1000,1000,-0.00037288738255584434,0.01588399621521493,0.18334972074475916,-0.31073551723282145,-0.3728873825558438,0.46082706661732104,0.19674202702293325,-1.18774654003214,0.003955077,0.010120489,0.036295697,-0.03125192,10,-0.3728873825558438,15.688816323003266,0.019910974995582364,0.07986807999259327,145.87533900799463,161.66393438598607,14858.695452132102,88
999000,0.5819658,0.7132139,0,0,487.576,-2.2777238,5.16041,11.752396,-20.29466,-2.1694722,5.2389746,13.976713,-19.289234,-2.3029995,5.19708,15.399271,-17.618935,0.07204151,0.018605404,0.116550185,0.020479858,0.42792934,0.07891403,0.6236049,0.15232167,0.46899417,0.090118565,0.6962445,0.1575841,22026.466796875,0,0,900000,900,1000.0,0.0,1000,1000,-0.0002631722285383499,0.014703728649924575,0.23629022707575084,-0.2955334461825763,-0.2631722285383499,0.5077005514628813,0.3664359548003854,-1.1035566334010378,0.0013560816,0.00866504,0.033936944,-0.035704963,10,-0.2631722285383499,16.730895760993008,0.0243464069935726,0.09750338899903,156.8571844209946,173.7099299779802,15032.412395734093,89
999000,0.6606357,0.5862875,0,0,505.723,-1.7486403,4.8890395,12.772821,-18.968628,-1.765291,4.843098,13.796875,-18.749592,-1.7058158,5.0221486,12.702419,-23.011387,0.07289186,0.018113717,0.12206709,0.028247373,0.42091918,0.083707415,0.623003,0.052653704,0.4600778,0.094942115,0.6862616,0.05320912,22026.466796875,0,0,910000,910,1000.0,0.0,1000,1000,-0.00045135631491037483,0.019530024980443213,0.3313145633350572,-0.4416956831004596,-0.4513563149103749,0.8402081790956044,1.187001000716839,-1.8908429775086883,0.00053747254,0.011350151,0.032476682,-0.040409572,10,-0.4513563149103749,16.598922035991563,0.014344687995617278,0.08233973701135255,156.11563150999427,172.8112379709928,15205.229050367081,90
999000,0.72306865,0.729247,0,0,519.9308,-1.8941662,4.8237443,8.935566,-18.375086,-1.856452,4.8118577,9.125129,-18.839207,-1.9307681,4.9412656,9.287223,-17.722933,0.0735264,0.01808318,0.121213004,0.028551698,0.4224478,0.07888538,0.62858385,0.1506203,0.4613827,0.089548685,0.6787131,0.15798059,22026.466796875,0,0,920000,920,1000.0,0.0,1000,1000,-0.00029838748760467913,0.016313148121411415,0.2973149652836014,-0.4055303772274419,-0.29838748760467976,0.7342058821040534,0.7597710124346333,-1.8394251087369338,0.0017251445,0.00871354,0.03318775,-0.03735585,10,-0.29838748760467976,17.573068971003522,0.02471130300546065,0.0984849789965665,165.20266843300487,182.89893368601042,15388.133445889078,91
999000,0.71851027,0.8203485,0,0,511.46588,-1.8880274,5.069636,12.103856,-18.502018,-1.9201226,4.9914365,11.6429205,-19.245394,-1.7159967,5.0571885,11.759226,-17.759964,0.07313585,0.018234381,0.12154888,0.025443127,0.41978323,0.08450947,0.6113517,0.06623112,0.45919582,0.0959977,0.68470794,0.067445025,22026.466796875,0,0,930000,930,1000.0,0.0,1000,1000,-0.0002052153591325359,0.016236066634754145,0.29578877902044765,-0.4049931940727419,-0.20521535913253586,0.7006050550635553,0.6609056366132813,-1.6645137775532453,0.0032267293,0.009239462,0.032737132,-0.033747878,10,-0.20521535913253586,17.922500093991403,0.01366034300008323,0.09058190799260046,157.46697854599915,175.49372089098324,15563.63400640407,92
999000,0.4325025,0.75150204,0,0,523.13605,-1.2620895,4.836429,14.886317,-14.652825,-1.3578961,4.8667474,14.648095,-15.613563,-1.3257811,4.8287983,16.048178,-14.642276,0.07369679,0.018591564,0.122685164,0.02418444,0.42176318,0.0818307,0.6082214,0.19990572,0.46129847,0.09273463,0.66693425,0.21391965,22026.466796875,0,0,940000,940,1000.0,0.0,1000,1000,-0.00045579997311495494,0.015756442694051544,0.18917575344566542,-0.297898344682089,-0.4557999731149547,0.45803669729265917,0.4103003536888164,-0.9724936787184401,0.0015388527,0.008160429,0.032650944,-0.030009469,10,-0.4557999731149547,17.5584219309967,0.020775028999196365,0.09710752300452441,172.7605418789899,190.43684636199032,15754.076651305062,93
999000,0.84877264,0.8738431,0,0,553.13855,-1.3405416,4.5916567,12.591246,-13.186079,-1.1865021,4.572154,12.154618,-15.139585,-1.3593717,4.672309,12.358125,-14.756748,0.075062335,0.02066724,0.12825839,0.028281115,0.42250377,0.08151859,0.63783574,0.14061645,0.46144146,0.09213229,0.7006873,0.1452172,22026.466796875,0,0,950000,950,1000.0,0.0,1000,1000,-5.171548242853068e-05,0.016110205102060814,0.3077674961588771,-0.3391792048500701,-0.051715482428530725,0.6884776015587982,1.0219543979882755,-1.2889245764569377,0.004394779,0.008751762,0.033375826,-0.03345924,10,-0.051715482428530725,18.213669926990406,0.019654418996651657,0.07050251799228135,173.67771885800175,191.9815457219811,15946.066786115072,94
999000,0.56926554,0.5235194,0,0,554.6417,-1.2243919,4.64979,10.526454,-15.224367,-1.2564332,4.695368,9.717497,-14.54624,-1.1124804,4.7046576,9.927909,-16.200987,0.0751286,0.02069375,0.13774179,0.024302451,0.4208483,0.07809453,0.6270126,0.1252164,0.45916566,0.08854867,0.68413466,0.12798068,22026.466796875,0,0,960000,960,1000.0,0.0,1000,1000,-0.0006408268266221482,0.019374592990466014,0.24735007845320428,-0.3442845720227361,-0.6408268266221484,0.5501406619904161,0.42096339887158823,-1.3982639606123335,8.184916e-05,0.009568509,0.033954635,-0.0325177,10,-0.6408268266221484,18.190656897990266,0.01971264000167139,0.09231451200321317,173.4448161110049,191.74750016100006,16137.81994956707,95
999000,0.86996245,0.6914238,0,0,571.63,-0.9370855,4.8568687,11.245298,-15.971799,-0.9270256,4.886938,12.545562,-15.808385,-1.0008807,5.050537,11.753963,-16.879442,0.075910226,0.018390102,0.12222763,0.026913974,0.4299548,0.07886079,0.63072926,0.09861802,0.46983048,0.08896895,0.6964052,0.10158454,22026.466796875,0,0,970000,970,1000.0,0.0,1000,1000,-0.0003964474212865168,0.020505751737606222,0.5412430457008027,-0.3370058921800788,-0.39644742128651705,0.7533051270503747,0.4863686704438457,-1.699669370722227,0.0016088077,0.01043046,0.038146336,-0.032885022,10,-0.39644742128651705,18.027495063011884,0.023972872004378587,0.07849272999737877,173.7522381029994,191.88219876801304,16329.706541101084,96
999000,0.5118646,0.53249115,0,0,564.9126,-1.1533021,4.6605973,13.977752,-10.876338,-1.1756389,4.64978,14.001142,-10.792821,-1.2396421,4.7205434,15.13543,-11.92333,0.075602464,0.019115059,0.12588587,0.030731454,0.42524672,0.07980438,0.6155331,0.1492626,0.4639308,0.090433165,0.68924665,0.15632893,22026.466796875,0,0,980000,980,1000.0,0.0,1000,1000,-0.00022789871947543477,0.01659330778591006,0.28901693672203155,-0.3362608935388056,-0.22789871947543516,0.5612115031039032,0.47795754075930075,-1.2611488828091337,0.00040153947,0.010032227,0.034289025,-0.042201612,10,-0.22789871947543516,17.81540941899584,0.0198896119982237,0.08906711700547021,170.98212404000515,188.90649018800468,16518.618989100098,97
999000,0.51645756,0.48074389,0,0,552.6824,-1.6730031,4.6980367,15.226178,-17.300417,-1.7855864,4.721704,15.070839,-16.930737,-1.8534557,4.8378706,15.566893,-17.92247,0.07502484,0.018605083,0.12436485,0.027691163,0.4225204,0.08394505,0.60723996,0.13702205,0.4614833,0.09518268,0.66797704,0.14331794,22026.466796875,0,0,990000,990,1000.0,0.0,1000,1000,-0.0001917448172736408,0.017221548580593285,0.3294980519287986,-0.3911621902564882,-0.1917448172736407,0.7213445071026081,1.0853213870244376,-1.6784248054312854,0.005151491,0.008449195,0.036063522,-0.025471166,10,-0.1917448172736407,17.600603364000563,0.019148082996252924,0.0961191459937254,170.1212383050006,187.83710889799113,16706.462306176094,98
999000,0.725063,0.767661,0,0,523.1185,-1.2723358,4.654159,12.290472,-14.678572,-1.1014792,4.601068,11.992344,-14.066571,-1.1186033,4.6893554,12.2064705,-13.795497,0.073699646,0.018520236,0.13293558,0.033113945,0.42387116,0.08336184,0.611663,0.13151191,0.46255735,0.09456241,0.6733175,0.13582963,22026.466796875,0,0,1000000,1000,1000.0,0.0,1000,1000,-0.0003091347868691191,0.018206360084104947,0.2846920023397418,-0.316066562361996,-0.309134786869119,0.5581254337319361,0.6889651847794083,-1.5472959367608992,0.0012530374,0.008871705,0.029556802,-0.03497965,10,-0.309134786869119,17.78763946899562,0.017926499000168405,0.08570103700913023,166.5117165499978,184.40298355500272,16890.87191954111,99
